候選電影,,導演,編劇,男主角,女主角,男配角,女配角,新演員,剪接,攝影,動作設計,美術指導,視覺效果,
2020年10月,,,,,,,,,,,,,,
寫實的天能,試映劇場《寫實的天能》完整版｜試當真,游學修,游學修,蘇致豪,,"許賢
游學修
趙宗發",,趙宗發,游學修,梁顥晉,游學修,,,2020年10月26日
唔准偷睇,試映劇場《唔准偷睇》｜試當真,蘇致豪,蘇致豪,"許賢
蘇致豪",,,,,蘇致豪,梁顥晉,,,,2020年10月29日
,,,,,,,,,,,,,,
2020年11月,,,,,,,,,,,,,,
輸波教室,試映劇場《輸波教室》｜試當真,游學修,游學修,游學修,,"許賢
蘇致豪",,,游學修,梁顥晉,,,,2020年11月2日
唔准乞痴,試映劇場《唔准乞痴》｜試當真,蘇致豪,蘇致豪,許賢,,"游學修
蘇致豪",,,蘇致豪,梁顥晉,,,,2020年11月6日
Channel需要女,試映劇場《Channel需要女》｜試當真,游學修,游學修,"許賢
游學修
蘇致豪","郭爾君
張蔓莎
鄧月平
劉展翹",林家熙,,"林家熙
郭爾君
張蔓莎
鄧月平
劉展翹",游學修,梁顥晉,,,游學修,2020年11月9日
UBER爸爸,試映劇場《UBER爸爸》｜試當真,許賢,許賢,"林家熙
許賢",,蘇致豪,,,許賢,梁顥晉,,,,2020年11月12日
咁大件事冇人講,試映劇場《咁大件事冇人講》｜試當真,游學修,游學修,"許賢
游學修
趙宗發
蘇致豪",,,,,游學修,梁顥晉,,,,2020年11月16日
老師，可以坐在我身邊嗎？,試映劇場《老師，可以坐在我身邊嗎？》｜試當真,許賢,Shirman,"許賢
蘇致豪",張蔓莎,,,,,梁顥晉,,,,2020年11月19日
唔准唔叫,試映劇場《唔准唔叫》｜試當真,林家熙,林家熙,"林家熙
許賢
蘇致豪",,,,,林家熙,林家熙,,,,2020年11月23日
唔准搭膊頭,試映劇場《唔准搭膊頭》｜試當真,蘇致豪,蘇致豪,"許賢
蘇致豪",,"林家熙
梁顥晉",,梁顥晉,蘇致豪,梁顥晉,,,,2020年11月26日
唔通佢有男朋友,試映劇場《唔通佢有男朋友》｜試當真,游學修,游學修,林家熙,吳家忻,游學修,,吳家忻,,梁顥晉,,,,2020年11月30日
,,,,,,,,,,,,,,
2020年12月,,,,,,,,,,,,,,
哪裡只塞駿業里,試映劇場《哪裡只塞駿業里》｜試當真,游學修,游學修,蘇致豪,袁澧林 ,,,袁澧林 ,游學修,梁顥晉,,,,2020年12月3日
早晨，搭膊頭咁大件事唔准唔叫，多謝！,試映劇場《早晨，搭膊頭咁大件事唔准唔叫，多謝！》｜試當真- YouTube,"游學修
蘇致豪","許賢
蘇致豪",岑珈其,,"林家熙
許賢
游學修
蘇致豪",,岑珈其,,梁顥晉,,,,2020年12月7日
收銀500天,試映劇場《收銀500天》｜試當真,許賢,許賢,"林家熙
許賢
游學修
蘇致豪",陳海寧,,,陳海寧,,梁顥晉,,,,2020年12月10日
拳皇媽媽,試映劇場《拳皇媽媽》｜試當真,許賢,"林家熙
許賢
蘇致豪","林家熙
許賢
游學修
蘇致豪",,,,,,梁顥晉,,,,2020年12月14日
外賣修澧賢,試映劇場《外賣修澧賢》｜試當真,游學修,游學修,蘇致豪,袁澧林,"Dear Jane
林家熙
許賢
游學修",,Dear Jane,游學修,梁顥晉,,,,2020年12月16日
Channel需要錢,試映劇場《Channel需要錢》｜試當真,游學修,游學修,"許賢
游學修
蘇致豪",,"朱栢康
何啟華
林家熙",,"朱栢康
何啟華",游學修,梁顥晉,,,,2020年12月22日
爆旋平安夜,試映劇場《爆旋平安夜》｜試當真,許賢,許賢,蘇致豪,陳苡臻,林家熙,吳家忻,陳苡臻,許賢,梁顥晉,,,,2020年12月24日
教父,試映劇場《教父》｜試當真,游學修,游學修,游學修,陳苡臻,許賢,,,游學修,"林家熙
梁顥晉",,,,2020年12月28日
再見豬豬,試映劇場《再見豬豬》｜試當真,游學修,游學修,"許賢
蘇致豪",,游學修,,,游學修,梁顥晉,,,,2020年12月31日
,,,,,,,,,,,,,,
2021年1月,,,,,,,,,,,,,,
豪哥演技大師班,試映劇場《豪哥演技大師班》｜試當真,許賢,許賢,蘇致豪,,"林家熙
許賢","倪安慈
陳苡臻",倪安慈,梁焯霖,梁顥晉,,,,2021年1月4日
Channel需要橋,試映劇場《Channel需要橋》｜試當真,游學修,游學修,游學修,陳苡臻,"林家熙
許賢
蘇致豪",,,游學修,梁顥晉,,,,2021年1月8日
一日嘈到黑,試映劇場《一日嘈到黑》｜試當真,蘇致豪,蘇致豪,"林家熙
許賢
蘇致豪",,,,,蘇致豪,梁顥晉,,,,2021年1月11日
Flashback掌門人,試映劇場《Flashback掌門人》｜試當真,梁顥晉,"林家熙
梁顥晉",林家熙,,"許賢
蘇致豪",陳苡臻,,梁顥晉,梁顥晉,,,,2021年1月14日
唔准唔嬲,試映劇場《唔准唔嬲》｜試當真,林家熙,"馮伯
盧嘉誼","許賢
蘇致豪",,"林家熙
游學修",陳苡臻,,林家熙,梁顥晉,,,,2021年1月18日
槍王之王2021,試映劇場《槍王之王2021》｜試當真,許賢,"Shirman
許賢",林家熙,,"許賢
梁顥晉
游學修
蘇致豪",倪安慈,,,梁顥晉,,,,2021年1月21日
幸福的三十六歲,試映劇場《幸福的三十六歲》 ｜試當真,蘇致豪,蘇致豪,許賢,,蘇致豪,倪安慈,,蘇致豪,梁顥晉,,,,2021年1月25日
一清二楚,試映劇場《一清二楚》｜試當真,"林家熙
盧嘉誼",盧嘉誼,游學修,,"林家熙
許賢
潘宗孝
鄺雋文
蘇致豪",陳苡臻,"潘宗孝
鄺雋文",林家熙,梁顥晉,,,,2021年1月28日
,,,,,,,,,,,,,,
2021年2月,,,,,,,,,,,,,,
殺手豪,試映劇場《殺手豪》｜試當真,許賢,租娜,蘇致豪,,"林家熙
許賢
游學修",陳苡臻,,,梁顥晉,,,,2021年2月1日
伽藍特約：個世界唔應該係咁,試映劇場《伽藍特約：個世界唔應該係咁》｜試當真,許賢	,許賢	,"許賢
蘇致豪",樊沛珈,,,樊沛珈,,梁顥晉,,,,2021年2月4日
我無嘢呀,試映劇場《我無嘢呀》｜試當真,林家熙,林家熙,林家熙,陳穎欣,"許賢
蘇致豪",,陳穎欣,林家熙,梁顥晉,,,,2021年2月8日
Mox Bank特約：寫實的天能 II ,《Mox Bank特約：寫實的天能II 》｜試當真,盧嘉誼,盧嘉誼,蘇致豪,,"林家熙
許賢
梁顥晉
游學修",陳苡臻,,盧嘉誼,梁顥晉,,,,2021年2月10日
拜年教室,試映劇場《拜年教室》｜試當真,游學修,游學修,蘇致豪,,"岑珈其
林家熙
許賢
梁顥晉
游學修
潘宗孝","倪安慈
陳苡臻
陳穎欣",,游學修,梁顥晉,,,,2021年2月11日
赤口求婚,試映劇場《赤口求婚》｜試當真,蘇致豪,蘇致豪,蘇致豪,倪安慈,,,,梁焯霖,梁顥晉,,,,2021年2月15日
狂舞派2,試映劇場《狂舞派2》｜試當真,游學修,游學修,游學修,顏卓靈,"許賢
黃修平
楊樂文
蔡瀚億
霍嘉豪
蘇致豪",,"黃修平
楊樂文
蔡瀚億
霍嘉豪
顏卓靈",游學修,梁顥晉,"何啟華
楊樂文",陳苡臻,,2021年2月19日
FACETIME的重要性,試映劇場《FACETIME的重要性》｜試當真,許賢,肥熹,"林家熙
游學修",,,,,,,,,,2021年2月22日
為何我講香港電影工業未死？與香港成年電影人的探討（上）,為何我講香港電影工業未死？與香港成年電影人的探討（上） - YouTube,游學修,,,,,,,,,,,,2021年2月23日
為何我講香港電影工業未死？與香港成年電影人的探討（下）,為何我講香港電影工業未死？與香港成年電影人的探討（下） - YouTube,游學修,,,,,,,,,,,,2021年2月23日
Canon特約：教父II,試映劇場《Canon特約：教父II》｜試當真,許賢,許賢,"許賢
游學修",,蘇致豪,,,,梁顥晉,,,,2021年2月24日
,,,,,,,,,,,,,,
2021年3月,,,,,,,,,,,,,,
飯聚心理學,試映劇場《飯聚心理學》｜試當真,潘宗孝,潘宗孝,游學修,,許賢,"倪安慈
陳穎欣",,潘宗孝,梁顥晉,,,,2021年3月1日
Now TV特約：歐國賢,試映劇場《Now TV特約：歐國賢》｜試當真,蘇致豪,"蘇致豪
Shirman","許賢
蘇致豪",,"梁顥晉
游學修
廖家溢",倪安慈,廖家溢,蘇致豪,梁顥晉,,,,2021年3月4日
臭味相投,試映劇場《臭味相投》｜試當真,林家熙,林家熙,蘇致豪,倪安慈,林家熙,,,,梁顥晉,,,,2021年3月8日
剪接煩惱師,試映劇場《剪接煩惱師》｜試當真,盧嘉誼,"許賢
盧嘉誼","許賢
蘇致豪",,,,,盧嘉誼,梁顥晉,,,,2021年3月11日
外賣自取,試映劇場《外賣自取》｜試當真,廖家溢,廖家溢,"岑珈其
林家熙
許賢",,,,,廖家溢,梁顥晉,,,,2021年3月15日
adidas特約：與幸褔距離36公里,試映劇場《adidas特約：與幸褔距離36公里》｜試當真- YouTube,游學修,游學修,"許賢
蘇致豪",,"林家熙
游學修",陳苡臻,,游學修,梁顥晉,,,,2021年3月18日
Friend吖嘛,試映劇場《Friend吖嘛》｜試當真,林家熙,林家熙,"岑珈其
林家熙",,,,,林家熙,柔柔,,,,2021年3月22日
永明金融特約：如果我三十歲時還未PLAN退休,試映劇場《永明金融特約：如果我三十歲時還未PLAN退休》｜試當真,許賢	,Shirman,"許賢
蘇致豪",,"梁顥晉
廖家溢
潘宗孝",,,,梁顥晉,,,,2021年3月29日
,,,,,,,,,,,,,,
2021年4月,,,,,,,,,,,,,,
冰島灘鼓龍,試映劇場《冰島灘鼓龍》｜試當真,許賢,"倪安慈
許賢
盧嘉誼
",蘇致豪,,許賢,倪安慈,,,梁顥晉,,,,2021年4月1日
DBS特約：十八同人,《DBS特約：十八同人》｜試當真,盧嘉誼,盧嘉誼,"許賢
蘇致豪",,,,,,梁顥晉,,,,2021年4月2日
IG朋友（上集）,試映劇場《IG朋友（上集）》｜試當真,游學修,游學修,"許賢
蘇致豪",,,,,游學修,梁顥晉,,梁焯霖,,2021年4月5日
新笑傲江湖M特約：殺手豪2,《新笑傲江湖M特約：殺手豪2》｜試當真,蘇致豪,"盧嘉誼
蘇致豪",蘇致豪,,"梁顥晉
許賢
游學修
廖家溢",,,,梁顥晉,,,,2021年4月6日
IG朋友（下集）,試映劇場《IG朋友（下集）》｜試當真,游學修,游學修,,"吳家忻
倪安慈
陳苡臻
陳穎欣",,,,游學修,梁顥晉,,,,2021年4月8日
殺手豪暗戰面盲保安,試映劇場《殺手豪暗戰面盲保安》｜試當真,許賢,"許賢
盧嘉誼","游學修
蘇致豪",,許賢,,,,梁顥晉,,,,2021年4月12日
無糧藥廠,試映劇場《無糧藥廠》｜試當真,許賢,"許賢
盧嘉誼",,倪安慈,"梁顥晉
許賢
潘宗孝",,,,梁顥晉,,,,2021年4月15日
古惑狼特約：手掣囝囝,《古惑狼特約：手掣囝囝》｜試當真,盧嘉誼,"盧嘉誼
蘇致豪","林家熙
許賢
蘇致豪",,,,,盧嘉誼,梁顥晉,,,,2021年4月16日
四台聯播：Channel需要s,試映劇場《四台聯播：Channel需要s》｜試當真,游學修,,"林家熙
許賢
游學修
蘇致豪","倪安慈
陳苡臻","許賢
程人富
熊仔頭
蝦條哥
藍仔頭
蘇致豪","王嘉盈
杜以辰
陳映影
劉展翹","王嘉盈
吳冰
杜以辰
馬韻怡
陳映影
程人富
熊仔頭
蔡曉童
蝦條哥
藍仔頭
麗英",游學修,梁顥晉,,,,2021年4月20日
Cigna信諾特約：表妹，你好嘢！,試映劇場《Cigna信諾特約：表妹，你好嘢！》｜試當真- YouTube,"盧嘉誼
蘇致豪","盧嘉誼
蘇致豪",許賢,陳苡臻,蘇致豪,倪安慈,,"盧嘉誼
蘇致豪",梁顥晉,,,,2021年4月22日
跌嘢唔好搵,試映劇場《跌嘢唔好搵》｜試當真,梁焯霖,梁焯霖,"許賢
蘇致豪",,,,,梁焯霖,梁顥晉,梁焯霖,梁焯霖,梁焯霖,2021年4月26日
WeLend 特約：觸不到的他,《WeLend 特約：觸不到的他》｜試當真,林家熙,林家熙,蘇致豪,陳苡臻,游學修,,,,梁顥晉,,,,2021年4月27日
點解你會喺到？,試映劇場《點解你會喺到？》｜試當真,蘇致豪,蘇致豪,"游學修
蘇致豪",,,,蘇致豪,陳朗生,梁顥晉,,,,2021年4月29日
,,,,,,,,,,,,,,
2021年5月,,,,,,,,,,,,,,
射波俠,試映劇場《射波俠》｜試當真,潘宗孝,潘宗孝,林家熙,,蘇致豪,"吳家忻
陳苡臻",,潘宗孝,梁顥晉,,,,2021年5月3日
老母地獄,試映劇場《老母地獄》｜試當真,盧嘉誼,盧嘉誼,蘇致豪,,"梁顥晉
許賢
游方遠
潘宗孝",倪安慈,游方遠,,梁顥晉,,,,2021年5月6日
收音賢,試映劇場《收音賢》｜試當真,梁顥晉,梁顥晉,許賢,陳穎欣,梁顥晉,倪安慈,,梁顥晉,"梁顥晉
陳朗生",,,,2021年5月10日
「可口可樂」特約：餐廳需要客,／,游學修,,"林家熙
林雪
游學修","倪安慈
陳苡臻",,,"林明禎
林雪",,梁顥晉,,,,2021年5月14日
OXY特約：試當真便服日,試映劇場《OXY特約：試當真便服日》,游學修,游學修,"游學修
蘇致豪",,林家熙,"倪安慈
陳苡臻",,游學修,梁顥晉,,,,2021年5月17日
請客食飯,試映劇場《請客食飯》｜試當真,游學修,游學修,"岑珈其
游學修",,"許賢
陳光洪",陳苡臻,陳光洪,游學修,梁顥晉,,,,2021年5月24日
LG OLED低藍光特約：先斬後奏,試映劇場《LG OLED低藍光特約：先斬後奏》｜試當真- YouTube,蘇致豪,"盧嘉誼
蘇致豪",許賢,,蘇致豪,陳苡臻,,"盧嘉誼
蘇致豪",梁顥晉,盧嘉誼,,,2021年5月27日
炸場話題HIKE,試映劇場《炸場話題HIKE》｜試當真,許賢,"許賢
盧嘉誼",蘇致豪,,"許賢
游學修
廖家溢",陳穎欣,,陳光洪,梁顥晉,,,陳光洪,2021年5月31日
,,,,,,,,,,,,,,
2021年6月,,,,,,,,,,,,,,
西降機,試映劇場《西降機》｜試當真,游學修,游學修,游學修,,,,,游學修,梁顥晉,,游學修,游學修,2021年6月3日
「藍妹啤酒」特約：開心大關注,試映劇場《「藍妹啤酒」特約：開心大關注》︳試當真,游學修,游學修,"林雪
游學修","林明禎
倪安慈","許賢
蘇致豪",,,游學修,梁顥晉,,,陳悅彤,2021年6月7日
今晚打女人,試映劇場《今晚打女人》｜試當真,"盧嘉誼
蘇致豪","游學修
盧嘉誼
蘇致豪","許賢
游學修
蘇致豪",,潘宗孝,倪安慈,,"盧嘉誼
蘇致豪",梁顥晉,,盧嘉誼,,2021年6月10日
不孝女密室逃脫,試映劇場《不孝女密室逃脫》｜試當真,許賢,許賢,,倪安慈,許賢,,,,梁顥晉,,,,2021年6月14日
IF特約：IF我是拳王,試映劇場《IF特約：IF我是拳王》｜試當真,許賢,許賢,"林家熙
蘇致豪",,"梁顥晉
許賢
游學修",,,,梁顥晉,,,,2021年6月17日
Tell me心魔！,試映劇場《Tell me心魔！》｜試當真,"盧嘉誼
蘇致豪","盧嘉誼
蘇致豪",蘇致豪,,"許賢
潘宗孝",陳穎欣,,,梁顥晉,,,,2021年6月21日
死亡email,試映劇場《死亡email》｜試當真,盧嘉誼,盧嘉誼,蘇致豪,陳穎欣,潘宗孝,,,,梁顥晉,,,,2021年6月24日
尷由自取,試映劇場《尷由自取》｜試當真,許賢,"柴九
許賢",蘇致豪,,"梁顥晉
許賢",倪安慈,,,梁顥晉,,,,2021年6月28日
,,,,,,,,,,,,,,
2021年7月,,,,,,,,,,,,,,
Tap & Go Mastercard 特約：80樓C座之精明消費券,試映劇場《Tap & Go Mastercard 特約：80樓C座之精明消費券》｜試當真,游學修,游學修,"許賢
游學修
蘇致豪",陳穎欣,,,,游學修,梁顥晉,,,,2021年7月3日
唔准打飛機,試映劇場《唔准打飛機》｜試當真,盧嘉誼,"許賢
潘宗孝
盧嘉誼
蘇致豪","岑珈其
游學修",,"梁顥晉
潘宗孝",,,盧嘉誼,梁顥晉,,,,2021年7月5日
爆格爆出橋,試映劇場《爆格爆出橋》｜試當真,潘宗孝,潘宗孝,"許賢
蘇致豪",,"岑珈其
游學修",,,陳穎賢,梁顥晉,,,,2021年7月12日
拖延正是好東西,試映劇場《拖延正是好東西》｜試當真,廖家溢,廖家溢,"許賢
蘇致豪",,,倪安慈,,廖家溢,梁顥晉,,,,2021年7月15日
伍猩猩爭霸戰,試映劇場《伍猩猩爭霸戰》｜試當真,倪安慈,倪安慈,,"吳家忻
陳苡臻",林家熙,,,陳光洪,梁顥晉,,,,2021年7月19日
滅火紅心,試映劇場《滅火紅心》｜試當真,陳朗生,"陳朗生
盧嘉誼",,"吳家忻
陳苡臻
陳穎欣","林家熙
趙宗發",倪安慈,,趙宗發,梁顥晉,,趙宗發,趙宗發,2021年7月22日
老喵之報恩,試映劇場《老喵之報恩》｜試當真,許賢,許賢,蘇致豪,陳穎欣,潘宗孝,,,,梁顥晉,,,,2021年7月26日
係咁先啦,試映劇場《係咁先啦》｜試當真,游學修,游學修,"許賢
蘇致豪",,"林家熙
游學修
趙宗發
潘宗孝","吳家忻
倪安慈
陳苡臻
陳穎欣",,游學修,梁顥晉,,,,2021年7月29日
,,,,,,,,,,,,,,
2021年8月,,,,,,,,,,,,,,
雀壇新人王,試映劇場《雀壇新人王》｜試當真,盧嘉誼,盧嘉誼,許賢,,"岑珈其
蘇致豪",陳穎欣,,,梁顥晉,,,,2021年8月2日
人形紋身獅,試映劇場《人形紋身獅》｜試當真,陳穎賢,陳穎賢,"林家熙
許賢",,潘宗孝,,,陳穎賢,梁顥晉,,陳穎賢,,2021年8月9日
教練的神奇小子：我想跑步,試映劇場《教練的神奇小子：我想跑步》 ｜試當真,林家熙,林家熙,林家熙,,"許賢
潘宗孝
趙宗發
蘇致豪",倪安慈,,,梁顥晉,,,,2021年8月12日
英超估波仔,試映劇場《英超估波仔》 ｜試當真,潘宗孝,潘宗孝,"許賢
蘇致豪",,"梁顥晉
潘宗孝
趙宗發",,,,梁顥晉,,,,2021年8月16日
Uber爸爸2,試映劇場《Uber爸爸2》 ｜試當真,盧嘉誼,"許賢
盧嘉誼","林家熙
許賢",,,,,"梁顥晉
盧嘉誼",梁顥晉,,,,2021年8月19日
殺出個鐘點,試映劇場《殺出個鐘點》｜試當真,趙宗發,趙宗發,蘇致豪,倪安慈,,,,趙宗發,梁顥晉,,,,2021年8月23日
忍界．大學傳,試映劇場《AEON信用卡特約：忍界．大學傳》｜ (試玩毛《忍界大戰》前傳)｜試當真,許賢,"許賢
廖家溢","許賢
趙宗發",陳苡臻,梁顥晉,倪安慈,,,梁顥晉,,,,2021年8月30日
,,,,,,,,,,,,,,
2021年9月,,,,,,,,,,,,,,
不許你主音一人,試映劇場《不許你主音一人》 ｜試當真,"許賢
廖家溢",,"伍漢邦
翁厚樑
許賢
黃天翱
黎俊華",陳苡臻,潘宗孝,,,,梁顥晉,,,,2021年9月2日
電影院末日,試映劇場《電影院末日》 ｜試當真,游學修,游學修,"許賢
游學修
蘇致豪",,,,,,梁顥晉,,,,2021年9月6日
喚醒自己,試映劇場《喚醒自己》｜試當真,梁焯霖,梁焯霖,蘇致豪,,,,,梁焯霖,梁顥晉,梁焯霖,,,2021年9月9日
每天外你多一些：直至倒瀉,試映劇場《每天外你多一些：直至倒瀉》 ｜試當真,盧嘉誼,盧嘉誼,蘇致豪,陳穎欣,"梁顥晉
趙宗發",,,陳光洪,梁顥晉,,,,2021年9月13日
打劫！拎哂啲錢出嚟！,試映劇場《打劫！拎哂啲錢出嚟！》 ｜試當真,潘宗孝,潘宗孝,,張蔓莎,潘宗孝,,,潘宗孝,梁顥晉,,,,2021年9月16日
星座伯伯,試映劇場《星座伯伯》 ｜試當真,吳振忠,吳振忠,許賢,倪安慈,潘宗孝,,,吳振忠,吳振忠,,,,2021年9月20日
我要Keep Fat,試映劇場《我要Keep Fat》｜試當真,趙宗發,趙宗發,,倪安慈,潘宗孝,,,趙宗發,梁顥晉,,,,2021年9月23日
PS1-PS5特約：打機對你來說是甚麼？,試映劇場《PS1-PS5特約：打機對你來說是甚麼？》｜試當真,盧嘉誼,盧嘉誼,"許賢
游學修
蘇致豪",,,,,,梁顥晉,,,,2021年9月27日
虎口良藥,試映劇場《虎口良藥》｜試當真,梁焯霖,梁焯霖,林家熙,吳家忻,,,,梁焯霖,梁顥晉,梁焯霖,Natalie,,2021年9月30日
,,,,,,,,,,,,,,
2021年10月,,,,,,,,,,,,,,
戴帽英雄,試映劇場《戴帽英雄》｜試當真,陳光洪,陳光洪,蘇致豪,,"吳兆麟
梁顥晉
許賢
陳光洪
陳穎賢
趙宗發
潘宗孝","倪安慈
陳苡臻
陳穎欣","吳兆麟
陳穎賢",陳光洪,梁顥晉,,,,2021年10月4日
倪匡簽唱會,試映劇場《倪匡簽唱會》｜試當真,潘宗孝,潘宗孝,,倪安慈,"林奕匡
許賢
陳穎賢
潘宗孝",,林奕匡,潘宗孝,吳振忠,,,,2021年10月7日
裝傻的Locker,試映劇場《裝傻的Locker》｜試當真,吳兆麟,吳兆麟,"岑珈其
林家熙",,,,,陳光洪,梁顥晉,,,,2021年10月11日
CASETiFY特約：遇見你之後世界末日，點搞？,試映劇場《CASETiFY特約：遇見你之後世界末日，點搞？》 ｜試當真- YouTube,許賢,許賢,許賢,陳苡臻,潘宗孝,,,,梁顥晉,,,,2021年10月14日
親愛的,試映劇場《親愛的》 ｜試當真,盧嘉誼,盧嘉誼,游學修,陳穎欣,許賢,,,陳光洪,梁顥晉,"梁顥晉
廖家溢",,陳光洪,2021年10月18日
Maybe Someday 搵日啦,試映劇場《Maybe Someday 搵日啦》張蔓莎作品｜試當真,張蔓莎,"張蔓莎
盧嘉誼",蘇致豪,張蔓姿,"林家熙
陳穎賢
潘宗孝",,張蔓姿,陳光洪,梁顥晉,,張蔓莎,,2021年10月21日
試當真一週年紀錄版 Part1：《三個人的時間》,試當真一週年紀錄版 Part1：《三個人的時間》,陳穎賢,,,,,,,"陳穎賢
馮繼陞","陳穎賢
馮繼陞",,,,2021年10月25日
,,,,,,,,,,,,,,
2021年11月,,,,,,,,,,,,,,
試當真一週年紀錄版Part2：《四朵真花》,試當真一週年紀錄版Part2：《四朵真花》,陳穎賢,,,,,,,"陳穎賢
馮繼陞","陳穎賢
馮繼陞",,,,2021年11月1日
劇本醫生,試映劇場《劇本醫生》｜試當真,盧嘉誼,"吳兆麟
盧嘉誼","許賢
雷展程",,"李嘉彥
張鋒良
陳鈺麟
游學修
趙宗發
潘宗孝","陳苡臻
劉展翹","李嘉彥
張鋒良
陳鈺麟
雷展程",,梁顥晉,,,,2021年11月4日
試當真一週年紀錄版Part3：《朋友》,試當真一週年紀錄版Part3：《朋友》,陳穎賢,,,,,,,"陳穎賢
馮繼陞","陳穎賢
馮繼陞",,,,2021年11月8日
一鏡學修,試乜都得《一鏡學修》｜試當真,吳兆麟,吳兆麟,游學修,,,,,陳光洪,梁顥晉,,,,2021年11月11日
試當真一週年紀錄版 Part4：《First Stage》,試當真一週年紀錄版Part4：《First Stage》,陳穎賢,,,,,,,"陳穎賢
馮繼陞","陳穎賢
馮繼陞",,,,2021年11月15日
日本50惠男士特約：不良煩老師,試映劇場《日本50惠男士特約：不良煩老師》｜試當真,盧嘉誼,盧嘉誼,"許賢
潘宗孝",,"吳兆麟
唐浩然
趙宗發",倪安慈,唐浩然,,梁顥晉,,,,2021年11月19日
黑鏡 Black Mirror,試映劇場《黑鏡Black Mirror》｜試當真,游學修,游學修,"許賢
游學修
蘇致豪",,"趙宗發
潘宗孝",,,,梁顥晉,,陳穎賢,陳穎賢,2021年11月22日
預防HPV特約：修爺深夜會客室 feat. Dr. HUI YIN,試乜都得《預防HPV特約：修爺深夜會客室feat. Dr. HUI YIN》｜試當真,許賢,"Edwin
許賢","許賢
游學修",,蘇致豪,倪安慈,,,梁顥晉,,,,2021年11月25日
Rap God,試映劇場《Rap God》 ｜試當真,"唐浩然
蘇致豪",蘇致豪,潘宗孝,,"吳兆麟
趙宗發
蘇致豪","倪安慈
陳苡臻",,"趙宗發
蘇致豪",梁顥晉,,,,2021年11月29日
,,,,,,,,,,,,,,
2021年12月,,,,,,,,,,,,,,
街頭試當真《未來人》,街頭試當真《未來人》,潘宗孝,陳穎賢,,,,,,陳穎賢,"陳穎賢
趙宗發",,,,2021年12月1日
《雪不完的浪漫》MV,試乜都得《雪不完的浪漫》MV - Jessica Chan & Gareth.T｜試當真,廖家溢,廖家溢,,,,,,廖家溢,梁顥晉,,,,2021年12月3日
香甜粟米片,試映劇場《香甜粟米片》 ｜試當真,盧嘉誼,盧嘉誼,游學修,陳苡臻,趙宗發,,,"游學修
盧嘉誼",梁顥晉,,,,2021年12月6日
試乜都得《周圍都係》,試乜都得《周圍都係》｜試當真,趙宗發,,,,,,,,趙宗發,,,,2021年12月10日
Channel得個桔,試映劇場《Channel得個桔》 ｜試當真,游學修,游學修,游學修,,,,,,梁顥晉,,,,2021年12月13日
遇見100%的小精靈,試映劇場《遇見100%的小精靈》 ｜試當真,蘇致豪,蘇致豪,蘇致豪,陳穎欣,"許賢
陳光洪
游學修
廖家溢
趙宗發",盧嘉誼,,蘇致豪,梁顥晉,,,陳穎賢,2021年12月20日
兩個人的事,試乜都得《兩個人的事》｜試當真- YouTube,梁顥晉,梁顥晉,許賢,劉展翹,"游學修
蘇致豪","倪安慈
陳苡臻",,梁顥晉,梁顥晉,,,,2021年12月23日
沒有秋天的童話,試映劇場《沒有秋天的童話》｜試當真,"吳兆麟
盧嘉誼","吳兆麟
盧嘉誼",鄺雋文,吳家祈,唐浩然,,,趙宗發,梁顥晉,,吳兆麟,,2021年12月27日
,,,,,,,,,,,,,,
2022年1月,,,,,,,,,,,,,,
孭7事 MA7RIX,試映劇場《孭7事 MA7RIX》｜試當真- YouTube,"吳兆麟
潘宗孝",吳兆麟,潘宗孝,,"岑珈其
唐浩然
梁顥晉
陳穎賢
黃梓豪
趙宗發
蘇致豪",,黃梓豪,潘宗孝,梁顥晉,,,陳穎賢,2022年1月3日
試乜都得《開心的探熱機》,試乜都得《開心的探熱機》｜試當真,許賢,,,,,,,,,,,,2022年1月10日
勁奇異博士：LOOP 7,試映劇場《勁奇異博士：LOOP 7》 ｜試當真,廖家溢,廖家溢,趙宗發,倪安慈,蘇致豪,,,廖家溢,梁顥晉,,,,2022年1月13日
小Jacket大外套,試映劇場《小Jacket大外套》 ｜試當真,吳兆麟,吳兆麟,唐浩然,劉展翹,潘宗孝,郭爾君,,陳光洪,梁顥晉,,,,2022年1月17日
葵興森林,試映劇場《葵興森林》｜試當真,"盧嘉誼
蘇致豪","盧嘉誼
蘇致豪","許賢
趙宗發
蘇致豪",,,,,"林衍朗
陳光洪",梁顥晉,,陳穎賢,,2022年1月20日
記得到的她,試映劇場《記得到的她》｜試當真,唐浩然,唐浩然,蘇致豪,張蔓莎,,陳穎欣,,唐浩然,吳振忠,,,,2022年1月24日
試乜都得《試筆都得》,試乜都得《試筆都得》｜試當真,吳兆麟,,,,,,,,,,,,2022年1月27日
大家又咁話,試映劇場《大家又咁話》｜試當真,游學修,游學修,蘇致豪,,"岑珈其
林家熙
許賢
游學修
黃梓豪
潘宗孝","吳家祈
倪安慈
陳苡臻
陳穎欣",,,梁顥晉,,,,2022年1月31日
,,,,,,,,,,,,,,
2022年2月,,,,,,,,,,,,,,
試乜都得《年初三的正確樣子＋製作特輯》,試乜都得《年初三的正確樣子＋製作特輯》｜試當真,廖家溢,,,,,,,廖家溢,梁顥晉,,,,2022年2月3日
孝AM I？,試映劇場《孝AM I？》 ｜試當真,潘宗孝,林衍朗,岑珈其,倪安慈,"林家熙
梁顥晉
許賢
潘宗孝
蘇致豪",,,"潘宗孝
林衍朗",梁顥晉,,,,2022年2月7日
試乜都得《心靈蘑菇湯：行路教室2022》,試乜都得《心靈蘑菇湯：行路教室2022》 ｜試當真,許賢,,,,,,,,梁顥晉,,,,2022年2月10日
Uber爸爸外傳：疫情幾時緣,試映劇場《Uber爸爸外傳：疫情幾時緣》｜試當真- YouTube,盧嘉誼,盧嘉誼,林家熙,林千渟,"趙宗發
潘宗孝",,林千渟,,"陳朗生
梁顥晉",,陳穎賢,,2022年2月14日
危險人質,試映劇場《危險人質》 ｜試當真,陳光洪,吳兆麟,"游學修
蘇致豪",,"廖家溢
趙宗發
潘宗孝",,,陳光洪,梁顥晉,,,,2022年2月21日
大佬呀,試映劇場《大佬呀》｜試當真,蘇致豪,蘇致豪,蘇致豪,,"林家熙
許賢
潘宗孝",,,,趙宗發,,,,2022年2月28日
,,,,,,,,,,,,,,
2022年3月,,,,,,,,,,,,,,
無聲絕菜,試乜都得《無聲絕菜》｜試當真,馮繼陞,馮繼陞,許賢,,"唐浩然
潘宗孝
蘇致豪",倪安慈,,"馮繼陞
趙宗發",吳振忠,,,,2022年3月3日
狼人殺六人局,試映劇場《狼人殺六人局》｜試當真,游學修,"梁焯霖
游學修","許賢
蘇致豪","倪安慈
樊沛珈","趙宗發
潘宗孝",,,"梁焯霖
游學修",梁顥晉,游學修,梁焯霖,游學修,2022年3月7日
140520,試映劇場《140520》｜試當真,游學修,游學修,劉俊謙,"吳海昕
蔡思韵","岑珈其
許賢
游學修
蘇致豪",倪安慈,"吳海昕
劉俊謙
蔡思韵","梁焯霖
陳光洪
游學修",梁顥晉,,,陳穎賢,2022年3月14日
𠝹刀竊賊,試映劇場《𠝹刀竊賊》｜試當真,游學修,游學修,"朱栢謙
游學修",,,,朱栢謙,,梁顥晉,,陳穎賢,,2022年3月16日
德國Emma床褥Ⓡ特約：一百零一夜 feat.燈神豪哥,試乜都得《德國Emma床褥Ⓡ特約：一百零一夜feat.燈神豪哥》｜試當真,吳振忠,吳振忠,"趙宗發
潘宗孝
蘇致豪",倪安慈,,,,吳振忠,吳振忠,,梁施迪,陳穎賢,2022年3月17日
三月的嵐,試映劇場《三月的嵐》｜試當真- YouTube,陳光洪,陳光洪,劉皓嵐,黃敏蕎,"唐浩然
夏鼎泉
蘇致豪",,"夏鼎泉
黃敏蕎
劉皓嵐",陳光洪,梁顥晉,,,,2022年3月22日
Channel需要搬,試映劇場《Channel需要搬》｜試當真,游學修,游學修,"許賢
游學修
蘇致豪","倪安慈
陳苡臻","朱栢康
林家熙
潘宗孝",柯驛誼,柯驛誼,"梁焯霖
游學修",梁顥晉,,陳穎賢,,2022年3月24日
針情,試映劇場《針情》｜試當真,潘宗孝,盧嘉誼,蘇致豪,吳家忻,林家熙,,,潘宗孝,梁顥晉,,,,2022年3月28日
乞社會,試乜都得《乞社會》｜試當真,游學修,游學修,"盧鎮業
關灝泉",陳苡臻,陳求其,,"陳求其
盧鎮業
關灝泉",游學修,梁顥晉,,,,2022年3月31日
,,,,,,,,,,,,,,
2022年4月,,,,,,,,,,,,,,
Uber爸爸 3,試映劇場《Uber爸爸 3》｜試當真- YouTube,盧嘉誼,"許賢
盧嘉誼
蘇致豪","林家熙
許賢",,蘇致豪,,,,梁顥晉,,,,2022年4月4日
唔准養狗,試映劇場《唔准養狗》｜試當真,"盧嘉誼
蘇致豪",盧嘉誼,岑珈其,,"趙宗發
潘宗孝",,,陳光洪,梁顥晉,,,,2022年4月11日
剪指甲的那集：弊傢Nail,試映劇場《剪指甲的那集：弊傢Nail》｜試當真- YouTube,盧嘉誼,"許賢
盧嘉誼","許賢
蘇致豪",,,,,"許賢
盧嘉誼","許賢
盧嘉誼",,,,2022年4月20日
試乜都得《如何走過娛樂清零的日子？》,試乜都得《如何走過娛樂清零的日子？》 ｜試當真- YouTube,梁奕豪,,,,,,,梁奕豪,"梁奕豪
梁顥晉
陳穎賢",,,,2022年4月21日
劇本Gang Gang,試映劇場《劇本Gang Gang》 ｜試當真,陳光洪,陳光洪,林家熙,倪安慈,"吳兆麟
李福正
陳傑奇
陳穎賢
潘宗孝
賴坤泰",,"李福正
陳傑奇
賴坤泰",陳光洪,梁顥晉,,,,2022年4月25日
廢柴火龍傳EP1,試動畫《廢柴火龍傳EP1》 ｜試當真,許賢,"許賢
潘宗孝",,,,,,"陳悅彤
潘宗孝",,,,陳悅彤,2022年4月27日
VÖOST特約：活力治療師,試映劇場《VÖOST特約：活力治療師》｜試當真- YouTube,許賢,許賢,蘇致豪,陳穎欣,"吳兆麟
許賢
趙宗發",,,,梁顥晉,,,,2022年4月28日
,,,,,,,,,,,,,,
2022年5月,,,,,,,,,,,,,,
危險人質 2,試映劇場《危險人質2》 ｜試當真,唐浩然,吳兆麟,"游學修
蘇致豪",,"夏鼎泉
陳光洪
趙宗發
潘宗孝",,,唐浩然,梁顥晉,,,,2022年5月2日
ANDREX皇冠特約：二廁人生,試映劇場《ANDREX皇冠特約：二廁人生》｜試當真- YouTube,吳兆麟,吳兆麟,"林家熙
許賢",陳穎欣,,,,陳光洪,梁顥晉,,,陳穎賢,2022年5月9日
恒生銀行特約：不如我哋一齊...試下...,《恒生銀行特約：不如我哋一齊...試下...》 - YouTube,趙宗發,,,,,,,趙宗發,趙宗發,,,,2022年5月12日
試乜都得《MOVE ON簡單，MOVE去往事極難》,試乜都得《MOVE ON簡單，MOVE去往事極難》｜試當真,梁奕豪,,,,,,,梁奕豪,"梁奕豪
梁顥晉",,,,2022年5月16日
Not Too Close,試映劇場《Not Too Close》｜試當真,游學修,游學修,李嘉彥,郭爾君,"夏鼎泉
張鋒良
潘宗孝",,,,梁顥晉,,,,2022年5月20日
共享擔遮,試映劇場《共享擔遮》｜試當真,盧嘉誼,盧嘉誼,許賢,,蘇致豪,陳苡臻,,陳光洪,梁顥晉,,,,2022年5月23日
不含劇透,試映劇場《不含劇透》｜試當真,游學修,游學修,蘇致豪,,"許賢
游學修",,,,林衍朗,,,,2022年5月26日
玻璃蕃茄,試映劇場《玻璃蕃茄》｜試當真,梁焯霖,梁焯霖,"唐浩然
游學修
趙宗發","倪安慈
陳苡臻",,,,"林衍朗
梁焯霖",吳振忠,梁焯霖,梁焯霖,陳穎賢,2022年5月30日
,,,,,,,,,,,,,,
2022年6月,,,,,,,,,,,,,,
遲啲到,試映劇場《遲啲到》 丨試當真,廖家溢,廖家溢,"許賢
蘇致豪",,趙宗發,,,廖家溢,梁顥晉,,,,2022年6月2日
可以WOWOW,試映劇場《可以WOWOW》 丨試當真,"吳兆麟
潘宗孝","吳兆麟
潘宗孝","楊偉倫 
蘇致豪",,"趙宗發
潘宗孝","吳家祈
劉展翹",楊偉倫 ,,梁顥晉,,陳穎賢,,2022年6月6日
試乜都得《We are HONG KONG 之後那六年…》,試乜都得《We are HONG KONG 之後那六年…》｜試當真,梁奕豪,,,,,,,梁奕豪,梁奕豪,,,,2022年6月9日
後樓梯等,試映劇場《後樓梯等》張蔓莎作品II丨試當真,張蔓莎,,游學修,吳家祈,,,,陳光洪,梁顥晉,,張蔓莎,,2022年6月16日
一個宣傳片不能接受的吻,試映劇場《一個宣傳片不能接受的吻》丨試當真,游學修,游學修,游學修,陳穎欣,潘宗孝,,,,梁顥晉,,,,2022年6月20日
足球試故事《勝利球迷的無勝吶喊》,足球試故事《勝利球迷的無勝吶喊》丨試當真,"許賢
梁奕豪",,,,,,,梁奕豪,梁奕豪,,,,2022年6月22日
囍～,試映劇場《囍～》丨試當真,蘇致豪,蘇致豪,蘇致豪,陳苡臻,,陳穎欣,,"陳光洪
蘇致豪",梁顥晉,,,,2022年6月23日
校花校草2022,試映劇場《校花校草2022》丨試當真,游學修,游學修,羅家英,,"林家熙
唐浩然
許賢
游學修
趙宗發
潘宗孝
蘇致豪","李麗珍
倪安慈
陳苡臻
黃敏蕎","李麗珍
羅家英",,梁顥晉,,,陳穎賢,2022年6月27日
香港最後一個撩鼻佬,試映劇場《香港最後一個撩鼻佬》 ｜試當真,許賢,盧嘉誼,陳傑奇,,"李福正
許賢
潘宗孝
賴坤泰
蘇致豪",,,,梁顥晉,,,,2022年6月30日
,,,,,,,,,,,,,,
2022年7月,,,,,,,,,,,,,,
我和殭屍有個誤會,試映劇場《我和殭屍有個誤會》 ｜試當真,吳兆麟,吳兆麟,"岑珈其
林家熙","陳苡臻
陳穎欣","游學修
潘宗孝",,,陳光洪,梁顥晉,"吳兆麟
張立峯",陳穎賢,"梁仲文
陳穎賢",2022年7月4日
熱戰IV：熱力四射,試映劇場《熱戰IV：熱力四射》 ｜試當真,盧嘉誼,盧嘉誼,"許賢
游學修
蘇致豪",,"陳光洪
趙宗發",,,"梁顥晉
盧嘉誼",梁顥晉,,,,2022年7月11日
Tinder媽媽,試映劇場《Tinder媽媽》 ｜試當真,趙宗發,趙宗發,,,,,,趙宗發,梁顥晉,,,,2022年7月14日
低智能叛變 A.I. Artificial Idiot,試映劇場《低智能叛變A.I. Artificial Idiot》 ｜試當真- YouTube,許賢,Edwin L,許賢,劉展翹,"趙宗發
游學修
蘇致豪",,,,梁顥晉,,陳穎賢,,2022年7月18日
重炮豪 Official MV＋PV,試乜都得《重炮豪Official MV＋PV》｜試當真,潘宗孝,潘宗孝,蘇致豪,,,,,,,,,,2022年7月22日
鎗王之王2022,試映劇場《鎗王之王2022》| 試當真,蘇致豪,蘇致豪,唐浩然,陳穎欣,"陳穎賢
蘇致豪",,,"趙宗發
蘇致豪",梁顥晉,,陳穎賢,陳穎賢,2022年7月25日
廢柴火龍傳EP2：頂包包,試動畫《廢柴火龍傳EP2：頂包包》 ｜試當真,"許賢
潘宗孝",潘宗孝,,,,,,"陳悅彤
潘宗孝",,,,陳悅彤,2022年7月27日
,,,,,,,,,,,,,,
2022年8月,,,,,,,,,,,,,,
極速珈其,試映劇場《極速珈其》 ｜試當真,吳兆麟,"吳兆麟
岑珈其",岑珈其,"余香凝
桂玫
陳穎欣
廖子妤","趙宗發
潘宗孝",,"余香凝
桂玫
廖子妤",陳光洪,"王嘉諾
吳世濠",黃建濠,"陳穎賢
于文穎",梁仲文,2022年8月3日
好好拗手瓜,試映劇場《好好拗手瓜》｜試當真,吳振忠,吳振忠,許賢,,"唐浩賢
黃溢濠
趙宗發
潘宗孝
蘇致豪",,黃溢濠,吳振忠,梁顥晉,,陳穎賢,,2022年8月8日
被許賢的游學修,編劇試當真《被許賢的游學修》｜試當真,游學修,"美欺
游學修","許賢
游學修",,"趙宗發
蘇致豪",,,,梁顥晉,,,,2022年8月12日
識戒 WILLPOWER,試映劇場《識戒WILLPOWER》｜試當真,潘宗孝,盧嘉誼,蘇致豪,,"林家熙
許賢",,,,趙宗發,,,,2022年8月19日
校花校草2022 綜藝堂EP1《種子校運會》,校花校草2022 綜藝堂EP1《種子校運會》｜試當真,Lego,,,,,,,,,,,,2022年8月27日
一日，在家中睇片的我，俾試當真叫去做編劇,在家中睇片的我，俾試當真叫去做編劇,許賢,CP,"許賢
蘇致豪",,"王耀宏
何求
林子峰
馬子熙
陳諾弘
曾梓賢
賴博文",,"王耀宏
何求
林子峰
馬子熙
陳諾弘
曾梓賢
賴博文",,梁顥晉,,,,2022年8月29日
廢柴火龍傳EP3：攞經驗 Feat. 明日戰記,試動畫《廢柴火龍傳EP3：攞經驗Feat. 明日戰記》｜試當真- YouTube,"許賢
潘宗孝",潘宗孝,,,,,,陳悅彤,,,陳悅彤,陳悅彤,2022年8月31日
,,,,,,,,,,,,,,
2022年9月,,,,,,,,,,,,,,
豪仔演技大師班,試映劇場《豪仔演技大師班》｜試當真,盧嘉誼,"林衍朗
游學修",蘇致豪,,"朱栢康
陳淑儀
黃秋生",,"陳淑儀
黃秋生","梁焯霖
盧嘉誼",梁顥晉,,,,2022年9月2日
校花校草2022 綜藝堂EP2《晚安！黑歷史》,校花校草2022 綜藝堂EP2《晚安！黑歷史》｜試當真,Lego,,,,,,,,,,,,2022年9月3日
痴心痴情痴痴等,試映劇場《痴心痴情痴痴等》 ｜試當真,吳兆麟,吳兆麟,唐浩然,倪安慈,潘宗孝,,,吳兆麟,吳振忠,,,,2022年9月5日
足球紀錄片《試當真超級業餘足球聯賽》,足球紀錄片《試當真超級業餘足球聯賽》,梁奕豪,,,,,,,梁奕豪,"梁奕豪
梁顥晉
陳溢朗",,,,2022年9月7日
下班勿語,試映劇場《下班勿語》｜試當真,趙宗發,趙宗發,"林子峰
曾梓賢",,,楊雅文,楊雅文,趙宗發,梁顥晉,,陳穎賢,,2022年9月9日
校花校草2022 綜藝堂EP3《伍陸柒捌 DEM返個BEAT》,校花校草2022 綜藝堂EP3《伍陸柒捌DEM返個BEAT》｜試當真,Lego,,,,,,,,,,,,2022年9月10日
裝帥的Locker,試映劇場《裝帥的Locker》 ｜試當真,吳兆麟,吳兆麟,"林家熙
許賢",,"王耀宏
何求
沈以諾
陳諾弘
趙宗發","王紫影
何映俞
吳依琳
許雅媛
楊雅文
趙君瑜","王紫影
何映俞
吳伊琳
許雅媛
趙君瑜
沈以諾",趙宗發,梁顥晉,吳兆麟,,,2022年9月15日
校花校草2022 綜藝堂EP4《試當真危機辯論比賽》,校花校草2022 綜藝堂EP4《試當真危機辯論比賽》,Lego,,,,,,,,,,,,2022年9月17日
試乜都得《試當真數碼暴龍之亂》,試乜都得《試當真數碼暴龍之亂》,陳悅彤,,,,,,,陳悅彤,陳悅彤,,,,2022年9月16日
風向擂台,試映劇場《風向擂台》 ｜試當真,游學修,游學修,"何求
許賢
蘇致豪",,"沈以諾
林子峰
馬子熙
陳諾弘
曾梓賢","張月亭
趙君瑜",張月亭,,梁顥晉,游學修,陳穎賢,,2022年9月19日
校花校草2022 特備節目《分組後一分鐘》,校花校草2022 特備節目《分組後一分鐘》｜試當真,陳穎賢,,,,,,,,,,,,2022年9月23日
校花校草2022 綜藝堂EP5《全明星Casting》,校花校草2022 綜藝堂EP5《全明星Casting》｜試當真,Lego,,,,,,,,,,,,2022年9月24日
對面那位,編劇試當真《對面那位》,唐浩然,阿俊,游學修,陳苡臻,沈以諾,,,"唐浩然
陳光洪",王嘉諾,,,,2022年9月26日
試乜都得《慢慢畫漫畫》,試乜都得《慢慢畫漫畫》｜試當真,梁奕豪,,,,,,,梁奕豪,梁奕豪,,,,2022年9月30日
,,,,,,,,,,,,,,
2022年10月,,,,,,,,,,,,,,
全民造片《修仔度橋BB班》,全民造片《修仔度橋BB班》｜校花校草2022｜試當真,Lego,,,,,,,,,,,,2022年10月10日
一生犯。賭。愛,試映劇場《一生犯。賭。愛》 ｜試當真,盧嘉誼,盧嘉誼,何求,廖文蔚,沈以諾,,廖文蔚,,"吳振忠
梁顥晉",,,,2022年10月12日
鬼影隱者,試映劇場《鬼影隱者》｜試當真,吳兆麟,吳兆麟,曾梓賢,王紫影,"王朗然
黃旨灝",倪安慈,"王朗然
黃旨灝",張海珊,梁顥晉,黃旨灝@英創動力,"陳悅彤
陳穎賢","梁仲文
陳悅彤",2022年10月15日
全民造片2《小朋友齊超支》,全民造片2《小朋友齊超支》｜校花校草2022｜試當真,Lego,,,,,,,,,,,,2022年10月17日
碰瓷,試映劇場《碰瓷》｜試當真,許賢,"吳伊琳
林子峰
許賢
陳溢朗",林子峰,吳伊琳,"岑珈其
李嘉彥
夏鼎泉
張鋒良
許賢
陳鈺麟",,,"陳溢朗
趙宗發",梁顥晉,張立峯,,,2022年10月18日
大人棍,試映劇場《大人棍》｜試當真,"唐浩然
蘇致豪","林衍朗
唐浩然
蘇致豪",劉皓嵐,張月亭,"林子峰
梁顥晉
潘宗孝
蘇致豪","于文穎
盧嘉誼",,"林衍朗
唐浩然
陳光洪
蘇致豪",梁顥晉,,,陳悅彤,2022年10月19日
全民造片3《大結局》,全民造片3《大結局》｜校花校草2022｜試當真,Lego,,,,,,,,,,,,2022年10月21日
,,,,,,,,,,,,,,
2022年11月,,,,,,,,,,,,,,
戰神特約：豪Gor of War之決戰豬文黃昏,試映劇場《戰神特約：豪Gor of War之決戰豬文黃昏》｜試當真- YouTube,吳兆麟,吳兆麟,"林家熙
蘇致豪",,鄺雋文,,,梁仲文,,梁仲文,梁仲文,梁仲文,2022年11月28日
,,,,,,,,,,,,,,
2022年12月,,,,,,,,,,,,,,
Channel需要乜,《Channel需要乜》｜試當真,游學修,,,,,,,,,,,,2022年12月2日
試睇世界盃EP1《我撐你撐世界盃》,試睇世界盃EP1《我撐你撐世界盃》｜試當真x Now TV - YouTube,梁奕豪,,,,,,,,,,,,2022年12月4日
試睇世界盃EP2《送禮賢給球迷的情歌》,試睇世界盃EP2《送禮賢給球迷的情歌》｜試當真x Now TV - YouTube,梁奕豪,,,,,,,,,,,,2022年12月5日
試睇世界盃EP3《美斯球迷 決戰 C朗球迷》,試睇世界盃EP3《美斯球迷決戰C朗球迷》｜試當真x Now TV - YouTube,梁奕豪,,,,,,,,,,,,2022年12月6日
試睇世界盃EP4《試還原の我要做美斯！》,試睇世界盃EP4《試還原の我要做美斯！》｜試當真x Now TV - YouTube,梁奕豪,,,,,,,,,,,,2022年12月7日
試睇世界盃EP5《你想唔想打龍呀？》,試睇世界盃EP5《你想唔想打龍呀？》 ｜試當真x Now TV - YouTube,吳振忠,,,,,,,吳振忠,"軒仔
陳溢朗",,,,2022年12月8日
試睇世界盃EP6 《It’s Coming Home!》,試睇世界盃EP6 《It’s Coming Home!》 ｜試當真 x Now TV,曾達恩,,,,,,,,,,,,2022年12月10日
試睇世界盃EP7 《賭不如睇波》,試睇世界盃EP7 《賭不如睇波》 ｜試當真,陳光洪,,,,,,,陳光洪,"梁奕豪
陳光洪
陳溢朗",,,,2022年12月11日
試睇世界盃EP8 《有冇人覺得麥巴比同安巴比好似樣？》,試睇世界盃EP8 《有冇人覺得麥巴比同安巴比好似樣？》 ｜試當真x Now TV - YouTube,梁奕豪,,,,,,,,,,,,2022年12月12日
試睇世界盃EP9 《看看威風的他》,試睇世界盃EP9 《看看威風的他》 ｜試當真x Now TV - YouTube,吳振忠,,,,,,,吳振忠,"陳溢朗
Gidden",,,,2022年12月13日
試睇世界盃EP10《一秒紅牌》,試睇世界盃EP10《一秒紅牌》 ｜試當真 x Now TV,梁奕豪,,,,,,,,,,,,2022年12月14日
試睇世界盃EP11 《試當・女・球迷2》,試睇世界盃EP11 《試當・女・球迷2》 ｜試當真x Now TV - YouTube,梁奕豪,,,,,,,,,,,,2022年12月15日
試睇世界盃EP12 《試當真主場》,試睇世界盃EP12 《試當真主場》｜試當真 x Now TV,陳穎賢,,,,,,,,,,,,2022年12月17日
試睇世界盃EP13《2022卡板細階盃》,試睇世界盃EP13《2022卡板細階盃》｜試當真x Now TV - YouTube,梁奕豪,,,,,,,,,,,,2022年12月18日
UNFRIENDS 冇腦友記,試映劇場《UNFRIENDS 冇腦友記》食剩三計& You Don't Belong Here｜試當真,盧嘉誼,"林衍朗
盧嘉誼
蘇致豪","許賢
蘇致豪",,"林家熙
唐浩然
趙宗發",,,游學修,梁顥晉,,,,2022年12月19日
除夕夜揭尾故,試映劇場《除夕夜揭尾故》｜試當真,游學修,梁焯霖 游學修,,林千渟,"吳肇軒
林子峰
林家熙
游學修",陳苡臻,吳肇軒,"梁焯霖
游學修",梁顥晉,,,,2022年12月30日
,,,,,,,,,,,,,,
2023年1月,,,,,,,,,,,,,,
試乜都得《LD發，就決定是你了》,試乜都得《LD發，就決定是你了》｜試當真,"梁奕豪
梁顥晉",,,,,,,"梁奕豪
梁顥晉","梁奕豪
梁顥晉",,,,2023年1月9日
現場環境安全,試映劇場《現場環境安全》｜試當真,陳溢朗,陳溢朗,趙宗發,吳伊琳,"何求
沈以諾
林子峰
曾梓賢",,,,梁顥晉,,,,2023年1月13日
試乜都得《你聽緊乜9呀》,試乜都得《你聽緊乜9呀》 ｜試當真,吳兆麟,,,,,,,吳兆麟,吳兆麟,,,,2023年1月16日
開年飯戲攻心計,試映劇場《開年飯戲攻心計》｜試當真,游學修,游學修,,倪安慈,"林子峰
林家熙
唐浩然
許賢
游學修
潘宗孝
蘇致豪","吳伊琳
吳家祈
陳苡臻
陳穎欣",,,梁顥晉,,陳穎賢,,2023年1月22日
輸入中，，，,編劇試當真《輸入中，，，》,游學修,"RaisonAsh
游學修",蘇致豪,趙君瑜,許賢,,,,梁顥晉,,陳穎賢,,2023年1月27日
1人Channel,試映劇場《1人Channel》｜試當真,游學修,游學修,唐浩然,吳冰,陳健朗,,陳健朗,,吳振忠,,,,2023年1月30日
,,,,,,,,,,,,,,
2023年2月,,,,,,,,,,,,,,
《UNFRIENDS 冇腦友記》不能聽的秘密 ＆ 暴走鍋 ,試映劇場《UNFRIENDS 冇腦友記》不能聽的秘密＆ 暴走鍋｜試當真- YouTube,盧嘉誼,"林衍朗
盧嘉誼
蘇致豪","林家熙
許賢
趙宗發
潘宗孝
蘇致豪",鍾雪瑩,,,,盧嘉誼,梁顥晉,,,,2023年2月2日
YesYesYes,試映劇場《YesYesYes》｜試當真,蘇致豪,蘇致豪,"游學修
蘇致豪",,"吳兆麟
陳穎賢
陳諾弘
潘宗孝",,,"古港龍
蘇致豪",,,,陳穎賢,2023年2月9日
試乜都得《悉尼老鼠》海外街訪：外國有冇人識試當真？,試乜都得《悉尼老鼠》海外街訪：外國有冇人識試當真？Sydney Street Interview｜試當真,倪安慈,,,,,,,倪安慈,倪安慈,,,,2023年2月13日
內心讀白卡,試映劇場《內心讀白卡》｜試當真,吳兆麟,吳兆麟,,陳苡臻,"林子峰
許賢
游學修
黎浩昕
蘇致豪",倪安慈,黎浩昕,馮繼陞,梁顥晉,,,,2023年2月16日
我有無抑鬱症？,試映劇場《我有無抑鬱症？》｜試當真,潘宗孝,游學修,,陳穎欣,,,,,梁顥晉,,,,2023年2月20日
無痛失業,試映劇場《無痛失業》｜試當真,許賢,許賢,林子峰,,"許賢
趙宗發",吳伊琳,,,梁顥晉,,,,2023年2月27日
,,,,,,,,,,,,,,
2023年3月,,,,,,,,,,,,,,
ex-檔案,試映劇場《ex-檔案》｜試當真,"盧嘉誼
蘇致豪","盧嘉誼
蘇致豪",林家熙,鍾雪瑩,蘇致豪,陳苡臻,鍾雪瑩,"陳光洪
盧嘉誼",梁顥晉,,,,2023年3月7日
國王的口罩,試映劇場《國王的口罩》｜試當真,許賢,"Helen
許賢","林子峰
蘇致豪",吳家祈,"許賢
趙宗發","陳欣欣
王紫影
何映俞
張月亭
趙君瑜",陳欣欣,,梁顥晉,,,,2023年3月14日
喺香港同情人真係好L煩,試映劇場《喺香港同情人真係好L煩》｜試當真,吳兆麟,吳兆麟,Young Hysan,陳苡臻,"馬太福音
健康華
陳穎賢
蜜蜂翁
潘宗孝",,"Young Hysan
馬太福音
健康華
蜜蜂翁",,梁顥晉,,,,2023年3月20日
到底講緊乜呀？,試映劇場《到底講緊乜呀？》｜試當真,陳光洪,陳光洪,"唐浩然
游學修
趙宗發","倪安慈
陳苡臻",,,,陳光洪,梁顥晉,,,,2023年3月27日
,,,,,,,,,,,,,,
2023年4月,,,,,,,,,,,,,,
《UNFRIENDS 冇腦友記》啷啷夾住啷啷 ＆ 公平起見 ,試映劇場《UNFRIENDS 冇腦友記》啷啷夾住啷啷＆ 公平起見｜試當真- YouTube,盧嘉誼,"林衍朗
盧嘉誼
蘇致豪","許賢
游學修
趙宗發
潘宗孝
蘇致豪","陳穎欣
鍾雪瑩",,,,盧嘉誼,梁顥晉,,,,2023年4月3日
凍飲的背叛,試映劇場《凍飲的背叛》｜試當真,陳溢朗,陳溢朗,趙宗發,陳苡臻,"陳傑奇
陳諾弘
曾梓賢
賴坤泰","倪安慈
廖文蔚",,,梁顥晉,,,,2023年4月10日
試乜都得《慈出片》EP1【再食就中槍】ft. 肥豪,試乜都得《慈出片》EP1【再食就中槍】ft. 肥豪：「你真心7就要順應天命」｜試當真- YouTube,倪安慈,,,,,,,陳光洪,"梁顥晉
陳光洪",,,,2023年4月12日
GET WILD豪哥管家忻,編劇試當真《GET WILD豪哥管家忻》,吳兆麟,吳兆麟,蘇致豪,吳家祈,"許賢
陳光洪
陳穎賢
潘宗孝",盧嘉誼,,,梁顥晉,,陳穎賢,陳穎賢,2023年4月17日
,,,,,,,,,,,,,,
2023年5月,,,,,,,,,,,,,,
泰妹性別認同是泰仔,試映劇場《泰妹性別認同是泰仔》｜試當真,潘宗孝,游學修,,"楊雅文
趙君瑜",潘宗孝,,,,梁顥晉,,,,2023年5月1日
橋橋,試映劇場《橋橋》｜試當真,蘇致豪,蘇致豪,林子峰,楊雅文,蘇致豪,,,"阿澤
蘇致豪",梁顥晉,,,"陳悅彤
陳穎賢",2023年5月8日
豪哥歌,試映劇場《豪哥歌》｜試當真,吳振忠,"吳振忠
游學修","游學修
蘇致豪",,"周殷廷
潘宗孝","吳伊琳
陳穎欣",周殷廷,吳振忠,王嘉諾,"游學修
蘇致豪",陳穎賢,陳穎賢,2023年5月15日
試乜都得《慈出片》EP2【用貨品說話】ft. 游學修,試乜都得《慈出片》EP2【用貨品說話】ft. 游學修：「俾多次我揀唔會再搞NFT」｜試當真- YouTube,倪安慈,,,,,,,"Chris
文欣
倪安慈",軒仔,,,,2023年5月22日
,,,,,,,,,,,,,,
2023年6月,,,,,,,,,,,,,,
這樣表白一定勝利,試映劇場《這樣表白一定勝利》｜試當真,蘇致豪,"許賢
蘇致豪",蘇致豪,陳苡臻,"林子峰
潘宗孝",陳穎欣,,,梁顥晉,,,,2023年6月5日
超級勁爆叱咤風雲金曲,試映劇場《超級勁爆叱咤風雲金曲》｜試當真,游學修,游學修,"游學修
潘宗孝",,,,,,梁顥晉,,,,2023年6月12日
超級勁爆叱咤風雲金曲MV,N9《超級勁爆叱咤風雲金曲》Official Music Video - YouTube,游學修,游學修,,,,,,,,,,,2023年6月13日
教育件事：被推的石頭,試映劇場《教育件事：被推的石頭》｜試當真,陳溢朗,陳溢朗,林子峰,吳伊琳,,倪安慈,,,梁顥晉,,,,2023年6月26日
,,,,,,,,,,,,,,
2023年7月,,,,,,,,,,,,,,
筆幸,試映劇場《筆幸》｜試當真,吳兆麟,吳兆麟,"許賢
蘇致豪",,陳光洪,,,陳光洪,梁顥晉,,,,2023年7月3日
二泊三日MV,N9《二泊三日》Official Music Video（出演：絵麗奈）,游學修,游學修,,,,,,"陳光洪
陳穎賢",梁顥晉,,,,2023年7月4日
秋生訪問大師班,試映劇場《秋生訪問大師班》｜試當真,游學修,游學修,"游學修
黃秋生",,,,,,梁顥晉,,,,2023年7月10日
好撚痛啊師父！,試映劇場《好撚痛啊師父！》｜試當真,"潘宗孝
盧嘉誼","潘宗孝
盧嘉誼",岑珈其,陳苡臻,,,,,王嘉諾,,,,2023年7月17日
《UNFRIENDS 冇腦友記》誠實大膽必勝法 ,試映劇場《UNFRIENDS 冇腦友記》誠實大膽必勝法｜試當真- YouTube,盧嘉誼,"林衍朗
盧嘉誼
蘇致豪","唐浩然
許賢
趙宗發
潘宗孝
蘇致豪",鍾雪瑩,,,,盧嘉誼,梁顥晉,,,,2023年7月24日
《慈出片》EP3【校花Super Shy？】510是非，我細細聲講你聽,《慈出片》EP3【校花Super Shy？】510是非，我細細聲講你聽｜試當真,倪安慈,,,,,,,"倪安慈
趙宗發",Thomas Kwok,,,,
點可以令客人開心？,葡萄適特約：《點可以令客人開心？》 - YouTube,蘇致豪,"林衍朗
蘇致豪","林家熙
趙宗發",,蘇致豪,陳穎欣,,,梁顥晉,陳穎賢,,陳悅彤,2023年7月31日
,,,,,,,,,,,,,,
2023年8月,,,,,,,,,,,,,,
死侍應,試映劇場《死侍應》｜試當真,盧嘉誼,盧嘉誼,蘇致豪,吳家祈,朱栢康,,,盧嘉誼,梁顥晉,,,,2023年8月7日
慢慢,試映劇場《慢慢》｜試當真,潘宗孝,潘宗孝,潘宗孝,倪安慈,"朱栢康
林子峰
林家熙
游學修
蘇致豪","王嘉盈
吳伊琳",,,梁顥晉,,陳穎賢,,2023年8月14日
殺手空鎗期,試映劇場《殺手空鎗期》｜試當真,盧嘉誼,盧嘉誼,蘇致豪,,"Young Hysan
林家熙
許賢
趙宗發",,,盧嘉誼,梁顥晉,,,,2023年8月21日
那年上莊，我們的生存遊戲（上）,試映劇場《那年上莊，我們的生存遊戲（上）》｜試當真,吳兆麟,"吳兆麟
蘇致豪",,邱彥筒,"陳傑奇
葉振弘
歐鎮灝
蔡承恩
駱振偉
蘇致豪",倪安慈,"邱彥筒
陳傑奇
葉振弘
歐鎮灝
蔡承恩
駱振偉",,梁顥晉,,,,2023年8月28日
那年上莊，我們的生存遊戲（下）,試映劇場《那年上莊，我們的生存遊戲（下）》｜試當真,吳兆麟,"吳兆麟
蘇致豪",陳柏宇,邱彥筒,"陳傑奇
葉振弘
歐鎮灝
蔡承恩
駱振偉
蘇致豪",倪安慈,陳柏宇,,梁顥晉,,,,2023年8月31日
,,,,,,,,,,,,,,
2023年9月,,,,,,,,,,,,,,
牙痛文學,試映劇場《牙痛文學》｜試當真,游學修,游學修,許廷鏗,王紫影,"游學修
潘宗孝",趙君瑜,許廷鏗,,梁顥晉,,于文穎,陳悅彤,2023年9月4日
牙痛文學MV,N9《牙痛文學》Official Music Video - YouTube,游學修,游學修,,,,,,,梁顥晉,,于文穎,陳悅彤,2023年9月4日
這個冷氣軍師真犀利！,試映劇場《這個冷氣軍師真犀利！》｜試當真｜ - YouTube,趙宗發,"趙宗發
蘇致豪",,趙君瑜,,,,趙宗發,梁顥晉,,,,2023年9月11日
讓子丹飛,試映劇場《讓子丹飛》｜試當真｜ - YouTube,蘇致豪,蘇致豪,蘇致豪,陳穎欣,,,,"趙宗發
蘇致豪",梁顥晉,趙宗發,,,2023年9月18日
香港夜躝街,試映劇場《香港夜躝街》｜少理阿爸｜改歌｜試當真,盧嘉誼,"林衍朗
盧嘉誼","潘宗孝
蘇致豪",,,,,趙宗發,梁顥晉,,,,2023年9月25日
,,,,,,,,,,,,,,
2023年10月,,,,,,,,,,,,,,
極力迷情,試映劇場《極力迷情》 ｜試當真,吳兆麟,吳兆麟,林家熙,,,,,,梁顥晉,,,,2023年10月2日
全個世界都有詐騙電話,試映劇場《全個世界都有詐騙電話》｜試當真,趙宗發,趙宗發,林子峰,"倪安慈
陳苡臻",,,,趙宗發,梁顥晉,,,,2023年10月9日
活著FIFA,試映劇場《活著FIFA》｜試當真,游學修,游學修,游學修,陳凱詠,,"趙君瑜
劉展翹",陳凱詠,,梁顥晉,,,,2023年10月16日
試吓整替身：試當真自製Lowcost豪哥替身 ft.《夜校》Candy Wong還原接吻戲,試吓整替身：試當真自製Lowcost豪哥替身ft.《夜校》Candy Wong還原接吻戲,許賢,,,,,,,,,,,,2023年10月19日
無情力王,試映劇場《無情力王》｜試當真,蘇致豪,蘇致豪,"潘宗孝
蘇致豪",,趙宗發,倪安慈,,,梁顥晉,,,,2023年10月23日
龍華軒大結局,試映劇場《龍華軒大結局》｜試當真,游學修,游學修,"林家熙
許賢
游學修
蘇致豪","陳苡臻
陳穎欣
劉展翹",陳求其,,,,梁顥晉,,,,2023年10月25日
萬聖動漫乜都啱,試映劇場《萬聖動漫乜都啱》 ｜試當真,吳兆麟,吳兆麟,,楊雅文,"林子峰
唐浩然
趙宗發
潘宗孝
蘇致豪",,,,梁顥晉,吳兆麟,陳穎賢,陳穎賢,2023年10月30日
,,,,,,,,,,,,,,
2023年11月,,,,,,,,,,,,,,
日本試當真：《零慈靜音進食Challenge》,日本試當真：《零慈靜音進食Challenge》｜試當真,陳穎賢,,,,,,,,,,,,2023年11月13日
日本試當真 ：富士山露營之旅｜狂風雷暴差一點我們滅團？粉絲真心話,富士山露營之旅｜狂風雷暴差一點我們滅團？粉絲真心話｜試當真- YouTube,陳穎賢,,,,,,,,,,,,2023年11月17日
加拿大茶飯,加拿大試當真：試映劇場《加拿大茶飯》｜試當真,蘇致豪,"許賢
蘇致豪",游學修,,"許賢
雷展程
蘇致豪",,,蘇致豪,梁顥晉,,,,2023年11月20日
細蚊仔傾下偈《年少鬼大日記》,細蚊仔傾下偈《年少鬼大日記》〡會唔會溝Jessica？朋友自殺會點？〡試當真- YouTube,游學修,,,,,,,,,,,,2023年11月22日
加拿大試當真Vlog｜回到開台時心情靚,加拿大試當真Vlog｜回到開台時心情靚,許賢,,,,,,,,,,,,2023年11月27日
,,,,,,,,,,,,,,
2023年12月,,,,,,,,,,,,,,
父子騎驢,試映劇場《父子騎驢》｜試當真,游學修,游學修,"林家熙
蘇致豪",,"趙宗發
潘宗孝",,,,梁顥晉,,,,2023年12月4日
《OK啦喎》Official MV,試映劇場《OK啦喎》Official MV｜試當真,游學修,游學修,"游學修
潘宗孝",,蘇致豪,,,陳穎賢,梁顥晉,,于文穎,陳穎賢,2023年12月7日
重炮豪傳,英國試當真：試映劇場《重炮豪傳》,許賢,許賢,"許賢
游學修
雷展程
蘇致豪",,,,,"何信熹
許賢",梁顥晉,,,,2023年12月11日
英國試當真Vlog｜英女凶襲三子 硬闖曼聯更衣室除褲 違泊一晚成架車失蹤,英女凶襲三子硬闖曼聯更衣室除褲違泊一晚成架車失蹤｜試當真- YouTube,游學修,,,,,,,,,,,,2023年12月14日
冰島灘鼓龍2,試映劇場《冰島灘鼓龍2》｜試當真- YouTube,游學修,游學修,蘇致豪,,"許賢
游學修",,,,梁顥晉,,,,2023年12月18日
冰島試當真Vlog｜火山爆發前 溫泉赤裸見面會,冰島試當真Vlog｜火山爆發前溫泉赤裸見面會,蘇致豪,,,,,,,,,,,,2023年12月21日
海外試當真Vlog ：純9UP合集｜修仔扮希索加性騷擾豪哥 四子底衫褲撈亂晒,海外試當真Vlog ：純9UP合集｜修仔扮希索加性騷擾豪哥四子底衫褲撈亂晒,游學修,,,,,,,,,,,,2023年12月25日
,,,,,,,,,,,,,,
2024年1月,,,,,,,,,,,,,,
我們都是重炮豪,試映劇場《我們都是重炮豪》｜試當真,"梁奕豪
許賢","梁奕豪
許賢","許賢
蘇致豪",,,,,何信熹,"梁奕豪
陳溢朗",,,,2024年1月8日
《廢柴足球傳》－序章,《廢柴足球傳》－序章｜試當真斥資5000萬買地搞聯賽？ 阿修預感會被大炒許賢幾乎暈斷球場,梁奕豪,梁奕豪,,,,,,"何信熹
梁奕豪","梁奕豪
陳溢朗",,,,2024年1月11日
西西弗斯打官司,試映劇場《西西弗斯打官司》｜試當真,吳兆麟,吳兆麟,蘇致豪,,"趙宗發
潘宗孝
鄺雋文",,,何信熹,梁顥晉,,陳穎賢,陳穎賢,2024年1月15日
《廢柴足球傳》EP1－虛賢篇,《廢柴足球傳》EP1－虛賢篇｜許賢暈低關心臟事？金剛Crew時期窮到打算放棄拍片- YouTube,梁奕豪,梁奕豪,,,,,,"何信熹
梁奕豪","梁奕豪
陳溢朗",,,,2024年1月18日
環．愛,試映劇場《環．愛》 ｜試當真,盧嘉誼,"游學修
盧嘉誼",游學修,鍾雪瑩,,,,"游學修
盧嘉誼",梁顥晉,,,,2024年1月22日
《廢柴足球傳》EP2－Ern9篇,《廢柴足球傳》EP2－Ern9篇｜怒火飛剷對手險領紅脾氣失控全因試當真？,梁奕豪,梁奕豪,,,,,,"何信熹
梁奕豪","梁奕豪
陳溢朗",,,,2024年1月25日
撈筆MV｜ N9 x EOS - 《性感危險 》MV｜挑戰一小時學舞即拍MV,撈筆MV｜ N9 x EOS - 《性感危險》MV｜挑戰一小時學舞即拍MV｜試當真,,,,,,,,,,,,,2024年1月29日
,,,,,,,,,,,,,,
2024年2月,,,,,,,,,,,,,,
《廢柴足球傳》EP3－重炮豪前傳,《廢柴足球傳》EP3－重炮豪前傳｜「重炮豪」中學花名叫Legend 豪哥感性分享內心世界｜試當真,梁奕豪,梁奕豪,,,,,,"何信熹
梁奕豪","梁奕豪
陳溢朗",,,,2024年2月1日
《美欺騙案》受害者訪談｜國際邁亞密表演賽親身感受,《美欺騙案》受害者訪談｜國際邁亞密表演賽親身感受｜試當真- YouTube,,,,,,,,,,,,,2024年2月6日
《新春修理員》｜試當真 x 小薯茄,《新春修理員》｜試當真x 小薯茄自行預測龍年運程,游學修,,,,,,,,,,,,2024年2月14日
籃球教練游SIR,試映劇場《籃球教練游SIR》 ｜試當真,游學修,游學修,游學修,吳伊琳,林子峰,"王紫影
楊雅文
趙君瑜",,,梁顥晉,,,,2024年2月26日
《廢柴足球傳》大結局－游學修篇,《廢柴足球傳》大結局－游學修篇｜修仔祝福你之夜球場版足球隊終於初嚐勝感？｜試當真,梁奕豪,梁奕豪,,,,,,"何信熹
梁奕豪","梁奕豪
陳溢朗",,,,2024年2月15日
"撈筆MV｜ ANSONBEAN / THAIMAY - 《CALL ME (Late At Night), Pt .2 》MV",0元挑戰一小時拍出「真Y2K」撈筆MV｜試當真- YouTube,,,,,,,,,,,,,
,,,,,,,,,,,,,,
2024年3月,,,,,,,,,,,,,,
山寨獵人[第01集],山寨獵人[第01集][粵語音軌/繁中字幕].The.LowBud.Hunter.S01E01.1080p.H264｜試當真,游學修,游學修,,陳苡臻,"陳穎賢
趙宗發
潘宗孝",陳穎欣,,"陳穎賢
趙宗發",梁顥晉,,陳穎賢,陳穎賢,2024年3月7日
作文教師游SIR,試映劇場《作文教師游SIR》｜試當真,趙宗發,趙宗發、游學修,游學修,,"林子峰
梁奕豪
潘宗孝",,,趙宗發,梁顥晉,,,,2024年3月11日
山寨獵人[第02集],山寨獵人[第02集][粵語音軌/繁中字幕].The.LowBud.Hunter.S01E02.1080p.H264｜試當真,游學修,游學修,,吳伊琳,"夏鼎泉
趙宗發
潘宗孝
蘇致豪",陳穎欣,,"陳穎賢
趙宗發",梁顥晉,,陳穎賢,陳穎賢,2024年3月14日
山寨獵人[第03集],山寨獵人[第03集][粵語音軌/繁中字幕].The.LowBud.Hunter.S01E03.1080p.H264｜試當真,游學修,游學修,林子峰,,"林家熙
許賢
游學修
蜜蜂翁
趙宗發
潘宗孝
蘇致豪",陳穎欣,,"陳穎賢
趙宗發",梁顥晉,,陳穎賢,"陳悅彤
陳穎賢",2024年3月21日
,,,,,,,,,,,,,,
2024年4月,,,,,,,,,,,,,,
山寨獵人[第04集],山寨獵人[第04集][粵語音軌/繁中字幕].The.LowBud.Hunter.S01E04.1080p.H264｜試當真,游學修,游學修,林子峰,,"亞水
林家熙
許賢
蜜蜂翁
趙宗發
潘宗孝
蘇致豪",陳穎欣,亞水,"陳穎賢
趙宗發",梁顥晉,,陳穎賢,陳穎賢,2024年4月5日
山寨獵人[第05集],山寨獵人[第05集][粵語音軌/繁中字幕].The.LowBud.Hunter.S01E05.1080p.H264｜試當真,游學修,游學修,林子峰,,"亞水
林家熙
許賢
蜜蜂翁
趙宗發
潘宗孝
蘇致豪",陳穎欣,,"陳穎賢
趙宗發",梁顥晉,,陳穎賢,陳穎賢,2024年4月19日
跟住去邊度,跟住去邊度,盧嘉誼,"盧嘉誼
鄺雋文","朱栢康
岑珈其
楊偉倫
鄺雋文",,,,,盧嘉誼,梁顥晉,,,,2024年4月25日
byejack突襲狂粉！,byejack突襲狂粉！｜試當真,潘宗孝,,"徐浩生
游學修
潘宗孝",,,,徐浩生,潘宗孝,"河汛
梁顥晉",,于文穎,,2024年4月29日
N9《再見傑克》Official MV + Bonus track,N9《再見傑克》Official MV + Bonus track - YouTube,潘宗孝,潘宗孝,,,,,,潘宗孝,"河汛
梁顥晉",,于文穎,,2024年4月30日
,,,,,,,,,,,,,,
2024年5月,,,,,,,,,,,,,,
即興寫輪眼：試影劇場,即興寫輪眼：試影劇場｜試當真,吳兆麟,吳兆麟,"林家熙
蘇致豪",王紫影,,,,"何信熹
趙宗發",,,,,2024年5月30日
,,,,,,,,,,,,,,
2024年6月,,,,,,,,,,,,,,
山寨獵人[第06集],山寨獵人[第06集][粵語音軌/繁中字幕].The.LowBud.Hunter.S01E06.1080p.H264｜試當真,游學修,游學修,"林子峰
張錦程",顏夢雨,"亞水
林家熙
肥豪
趙宗發
潘宗孝
蘇致豪",陳穎欣,"肥豪
顏夢雨","陳穎賢
趙宗發",梁顥晉,栗米,陳穎賢,陳悅彤,2024年6月12日
,,,,,,,,,,,,,,
2024年7月,,,,,,,,,,,,,,
東哥豪妹愛的里程碑 | 東方昇首演試映劇場！,東哥豪妹愛的里程碑| 東方昇首演試映劇場！| 試當真- YouTube,吳兆麟,吳兆麟,"王嘉偉
蘇致豪",,,,王嘉偉,"何信熹
趙宗發",梁顥晉,,,,2024年7月8日
《關於我被上司教導成能解決人生難題的美女執事》feat. 渣打銀行,《關於我被上司教導成能解決人生難題的美女執事》feat. 渣打銀行| 試當真,吳兆麟,吳兆麟,,"王紫影
趙君瑜","林子峰
許賢
陳溢朗
趙宗發
潘宗孝",吳伊琳,,"羅倩欣
林衍朗",梁顥晉,,,,2024年7月10日
,,,,,,,,,,,,,,
2024年9月,,,,,,,,,,,,,,
被討厭的武器,試映劇場《被討厭的武器》｜試當真,盧嘉誼,"林衍朗
盧嘉誼","游學修
蘇致豪",,許賢,,,盧嘉誼,梁顥晉,,,,2024年9月16日
收不了工收不了工,試映劇場《收不了工收不了工》｜試當真,蘇致豪,蘇致豪,,吳依琳,"趙宗發
蘇致豪",楊雅文,,"趙宗發
蘇致豪",梁顥晉,,,,2024年9月27日
,,,,,,,,,,,,,,
2024年10月,,,,,,,,,,,,,,
泰國試當真（上）,【泰國試當真（上）】豪哥極限跳車!四周年全公司旅行Vlog,"陳穎賢
游學修",,,,,,,,,,,,2024年10月30日
,,,,,,,,,,,,,,
2024年11月,,,,,,,,,,,,,,
泰國試當真（下）,【泰國試當真（下）】好勝豪哥辣㷫珈其🇹🇭Jessica除🚫 四周年全公司旅行🇹🇭員工被逼陪老闆游水：人工包㗎？｜試當真,"陳穎賢
游學修",,,,,,,,,,,,2024年11月2日
Channel需要獎,試映劇場《Channel需要獎》︳試當真,游學修,游學修,"游學修
蘇致豪",,"許賢
鄺雋文",素海霖,素海霖,游學修,梁顥晉,,,,2024年11月11日
敗走麥城,試映劇場《敗走麥城》｜試當真,梁焯霖,"阮浚德
蔡康凝",蘇致豪,陳苡臻,陳求其,"吳伊琳
陳穎悠",陳穎悠,"梁焯霖
羅倩欣",梁顥晉,梁焯霖,梁焯霖,陳穎賢,2024年11月26日
,,,,,,,,,,,,,,
2024年12月,,,,,,,,,,,,,,
入圍金馬的Youtuber游學修Vlog,入圍金馬的Youtuber游學修Vlog🎥導演黃修平現身！ 贏了影后輸了打賭鍾雪瑩找數！ - YouTube,游學修,,,,,,,"游學修
羅倩欣","游學修
鍾雪瑩",,,,2024年12月6日
試鏡,試映劇場《試鏡》｜試當真,游學修,游學修,"朱栢謙
游學修",,,,,,"陳穎賢
趙宗發",,何翠文,,2024年12月20日
觀塘分局—人類品味調查科—,試映劇場《觀塘分局—人類品味調查科—》｜試當真,盧嘉誼,"林衍朗
盧嘉誼
蘇致豪","林家熙
蘇致豪",,"林子峰
潘宗孝",楊雅文,,盧嘉誼,梁顥晉,,何翠文,,2024年12月23日
聖誕啟示錄-捌 大結局,《聖誕啟示錄-捌大結局》 - YouTube,吳兆麟,吳兆麟,夏鼎泉,,"李嘉彥
張鋒良
許賢
陳光洪
陳鈺麟
游學修
蘇致豪","吳伊琳
楊雅文
趙君瑜",,鍾邵康,"王嘉諾
陳穎賢
趙宗發",,,陳穎賢,2024年12月26日
,,,,,,,,,,,,,,
2025年1月,,,,,,,,,,,,,,
美麗西世界,試映劇場《美麗西世界》｜試當真,盧嘉誼,"盧嘉誼
鄺雋文",林家熙,,"林子峰
趙宗發
鄺雋文",陳苡臻,,鍾邵康,梁顥晉,,,,2025年1月6日
車公真言 ✅ ❎❗️❓,試映劇場《車公真言✅ ❎❗️❓》｜試當真,吳兆麟,吳兆麟,蘇致豪,,"何信熹
陳溢朗
游學修
趙宗發
潘宗孝","于文穎
倪安慈
陳穎悠",,羅倩欣,梁顥晉,,,陳穎賢,2025年1月20日
蛇年教室,試映劇場《蛇年教室》｜試當真,楊雅文,楊雅文,"林子峰
林家熙","何映俞
楊雅文
趙君瑜",潘宗孝,,,"鍾邵康
羅倩欣",趙宗發,,何翠文,,2025年1月30日
,,,,,,,,,,,,,,
2025年2月,,,,,,,,,,,,,,
《MEGAWA 麻甩卡哇－又大又麻甩的傢伙》第1-5話,試映劇場《 MEGAWA 麻甩卡哇－又大又麻甩的傢伙》第1-5話｜試當真,梁焯霖,梁焯霖,"許賢
游學修
蘇致豪",,趙宗發,吳伊琳,,"梁焯霖
羅倩欣",梁顥晉,梁焯霖,Jane,陳悅彤,2025年2月10日
情人節·搵位攝,試映劇場《情人節·搵位攝》｜試當真,吳伊琳,吳伊琳,林家熙,吳伊琳,,,,鍾邵康,梁顥晉,,,,2025年2月13日
麵包與卡包,試影劇場《麵包與卡包》｜試當真,梁顥晉,"岑添朗
梁顥晉",蘇致豪,王紫影,張鋒良,,,"岑添朗
梁顥晉
羅倩欣",梁顥晉,,古港龍,,2025年2月17日
QQQQQ版特工,試映劇場《QQQQQ版特工》｜試當真,吳兆麟,吳兆麟,潘宗孝,,"林子峰
趙宗發",,,鍾邵康,梁顥晉,,,,2025年2月24日
愛回家之返屋企啦,試映劇場《愛回家之返屋企啦》｜試當真,許賢,許賢,"許賢
趙宗發",,,,,,,,何翠文,,2025年2月27日
,,,,,,,,,,,,,,
2025年3月,,,,,,,,,,,,,,
車你歸,試映劇場《車你歸》｜試當真,吳兆麟,薛晉寧,薛晉寧,吳伊琳,,,薛晉寧,鍾邵康,梁顥晉,,,,2025年3月3日
最佳男殺手,試映劇場《最佳男殺手》｜試當真,游學修,黃秋生,"陳淑儀
游學修
黃秋生",,,,,游學修,梁顥晉,,何翠文,,2025年3月10日
見家長後我一無所有,試映劇場《見家長後我一無所有》｜試當真,岑添朗,岑添朗,林家熙,陳穎欣,趙宗發,,,鍾邵康,梁顥晉,,,,2025年3月17日
教父3,試映劇場《教父3》｜試當真,許賢,許賢,許賢,楊雅文,,,,,梁顥晉,,,,2025年3月24日
蒙羅麗莎的屍體,試映劇場《蒙羅麗莎的屍體》｜試當真,盧嘉誼,"林衍朗
游學修
盧嘉誼",游學修,,,,,"游學修
盧嘉誼
鍾邵康",梁顥晉,,,,2025年3月27日
MK1994,試映劇場《MK1994》｜試當真,游學修,游學修,"周殷廷
游學修
程浚彥",,"何圖
范梓謙
陳傑奇
蔡承恩",,"范梓謙
程浚彥
蔡承恩","游學修
羅倩欣",梁顥晉,游學修,于文穎,,2025年3月31日
,,,,,,,,,,,,,,
2025年4月,,,,,,,,,,,,,,
大難臨頭法蘭克,試映劇場《大難臨頭法蘭克》｜試當真,吳兆麟,吳兆麟,"岑珈其
林家熙","楊偲泳
談善言",,,,鍾邵康,,,,,2025年4月7日
戀愛教官安教授,試映劇場《戀愛教官安教授》｜試當真,趙君瑜,趙君瑜,蘇致豪,趙君瑜,"林子峰
陳柏宇","吳伊琳
楊雅文",,羅倩欣,梁顥晉,,,,2025年4月10日
雄性蚊子的第五、第六天,試映劇場《雄性蚊子的第五、第六天》｜試當真,蘇致豪,蘇致豪,"潘宗孝
蘇致豪",,趙宗發,,,"趙宗發
蘇致豪",梁顥晉,,,,2025年4月14日
余香型機械人操控大賽,試映劇場《余香型機械人操控大賽》｜試當真,岑添朗,岑添朗,"許賢
陳瑞輝
黃德斌",余香凝,,,"陳瑞輝
黃德斌",鍾邵康,梁顥晉,,,,2025年4月17日
四眼臭龜Jessica,試映劇場《四眼臭龜Jessica》｜試當真,盧嘉誼,"林衍朗
盧嘉誼",蘇致豪,陳苡臻,"林子峰
梁顥晉
游學修",,,盧嘉誼,梁顥晉,,,,2025年4月21日
試當真送院途中,試映劇場《試當真送院途中》,游學修,游學修,"古天樂
游學修",,"許賢
蘇致豪",倪安慈,古天樂,游學修,梁顥晉,,古港龍,,2025年4月28日
,,,,,,,,,,,,,,
2025年5月,,,,,,,,,,,,,,
失眠小鳥三點叫,試映劇場《失眠小鳥三點叫》| 試當真,趙宗發,趙宗發,,"吳伊琳
楊雅文",潘宗孝,,,趙宗發,梁顥晉,,,,2025年5月5日
鳥不起的超人,試映劇場《鳥不起的超人》｜試當真- YouTube,林子峰,"林子峰
盧嘉誼",林子峰,何洛瑤,"何信熹
趙宗發",,何洛瑤,鍾邵康,梁顥晉,林子峰,林子峰,"陳悅彤
鍾邵康",2025年5月12日
【絕密直擊】試當真收皮原因大揭秘 游學修潛水；豪哥精神失常；許賢：花無百日紅！,【⛔️絕密直擊】💢試當真收皮原因大揭秘游學修潛水🤿 豪哥精神失常⁉️ 許賢：花無百日紅！🥀 - YouTube,盧嘉誼,"林衍朗
許賢
盧嘉誼
蘇致豪","許賢
蘇致豪",,"張毓軒
黃溢濠
蘇振維","邱彥筒
鄧濤
謝咏欣","張毓軒
鄧濤
謝咏欣
蘇振維","游學修
盧嘉誼
鍾邵康","古港龍
梁顥晉
蘇振維",,,,2025年5月15日
機友情完,試映劇場《機友情完》｜試當真,岑添朗,岑添朗,"林家熙
潘宗孝",,"李嘉彥
林子峰
夏鼎泉
張鋒良
陳鈺麟",,,"岑添朗
趙宗發
盧嘉誼",趙宗發,,,趙宗發,2025年5月20日
忍者做嘢唔駛你教,試映劇場《忍者做嘢唔駛你教》｜試當真,蘇致豪,"林衍朗
盧嘉誼
蘇致豪","許賢
蘇致豪",,,,,"趙宗發
游學修",趙宗發,,,,2025年5月26日
,,,,,,,,,,,,,,
2025年6月,,,,,,,,,,,,,,
上嚟睇貓,試映劇場《上嚟睇貓》｜試當真,吳兆麟,吳兆麟,林子峰,楊雅文,潘宗孝,,,鍾邵康,梁顥晉,,,,2025年6月2日
為奴取暖,試映劇場《為奴取暖》 ｜試當真,林子峰,"林子峰
林衍朗
盧嘉誼
蘇致豪",林子峰,陳穎欣,,,,羅倩欣,梁顥晉,,,陳悅彤,2025年6月9日
Google之人,試映劇場《Google之人》 ｜試當真,林衍朗,"林衍朗
盧嘉誼
蘇致豪",蘇致豪,陳苡臻,,,,鍾邵康,梁顥晉,,,,2025年6月12日
觀塘分局：人類品味調查科 II,試映劇場《觀塘分局：人類品味調查科II 》｜試當真,盧嘉誼,"林衍朗
盧嘉誼
蘇致豪","林家熙
譚耀文
蘇致豪",,"林子峰
許賢",楊雅文,譚耀文,盧嘉誼,趙宗發,,,,2025年6月16日
廢柴火龍傳EP4：明星夢,試動畫《🔥廢柴火龍傳EP4：明星夢💭 》｜試當真,"許賢
陳悅彤
盧嘉誼","林衍朗
盧嘉誼",,,,,,陳悅彤,,,陳悅彤,陳悅彤,2025年6月30日
學生組面試日｜《X Wallet呈獻：試當真喜劇大短片比賽》,即日來回英國面試拍基片？驕傲牛腩太子爺？｜五台同堂！學生組面試日｜《X Wallet呈獻：試當真喜劇大短片比賽》,梁奕豪,,,,,,,何信熹,"何信熹
陳溢朗",,,,2025年7月3日
《HKU SPACE CC特約：異形太空站》,試映劇場《HKU SPACE CC特約：異形太空站》｜試當真,梁焯霖,,游學修,,,,,鍾邵康,梁顥晉,,,,2025年7月7日
公開組面試日｜《X Wallet呈獻：試當真喜劇大短片比賽》,《謊島美人魚》導演參賽！有人炒賣面試名額？仲有《鮮浪潮》最佳編劇｜五台同堂！公開組面試日｜《X Wallet呈獻：試當真喜劇大短片比賽》,梁奕豪,,,,,,,何信熹,"何信熹
陳溢朗",,,,2025年7月10日
原子檔案：我獨自駕游,試映劇場《原子檔案：我獨自駕游 》｜試當真,陳穎賢,陳穎賢,"游學修
趙宗發
潘宗孝
蘇致豪",陳苡臻,,,,陳穎賢,梁顥晉,,陳穎賢,陳穎賢,2025年7月14日
兩日一夜地獄創作營｜《X Wallet呈獻：試當真喜劇大短片比賽》,Katherine交出最佳演出｜豪哥冷傲退Ern9 ｜鍾雪客串經理人｜《X Wallet呈獻：試當真喜劇大短片比賽》,梁奕豪,,,,,,,"何信熹
梁奕豪","陳溢朗
何信熹
梁奕豪",,,,2025年7月17日